-- phpMyAdmin SQL Dump
-- version 4.9.2
-- https://www.phpmyadmin.net/
--
-- Servidor: 127.0.0.1:3306
-- Tiempo de generación: 02-06-2020 a las 10:46:31
-- Versión del servidor: 10.4.10-MariaDB
-- Versión de PHP: 7.3.12

SET SQL_MODE = "NO_AUTO_VALUE_ON_ZERO";
SET AUTOCOMMIT = 0;
START TRANSACTION;
SET time_zone = "+00:00";


/*!40101 SET @OLD_CHARACTER_SET_CLIENT=@@CHARACTER_SET_CLIENT */;
/*!40101 SET @OLD_CHARACTER_SET_RESULTS=@@CHARACTER_SET_RESULTS */;
/*!40101 SET @OLD_COLLATION_CONNECTION=@@COLLATION_CONNECTION */;
/*!40101 SET NAMES utf8mb4 */;

--
-- Base de datos: `pruebas`
--

-- --------------------------------------------------------

--
-- Estructura de tabla para la tabla `llx_correos_cr_canton`
--

DROP TABLE IF EXISTS `llx_correos_cr_canton`;
CREATE TABLE IF NOT EXISTS `llx_correos_cr_canton` (
  `rowid` int(11) NOT NULL AUTO_INCREMENT,
  `id_provincia` int(11) NOT NULL,
  `id_canton` int(11) NOT NULL,
  `nombre` varchar(50) COLLATE utf8_spanish_ci NOT NULL,
  PRIMARY KEY (`rowid`)
) ENGINE=MyISAM AUTO_INCREMENT=82 DEFAULT CHARSET=utf8 COLLATE=utf8_spanish_ci;

--
-- Volcado de datos para la tabla `llx_correos_cr_canton`
--

INSERT INTO `llx_correos_cr_canton` (`rowid`, `id_provincia`, `id_canton`, `nombre`) VALUES
(1, 1, 101, 'San José'),
(2, 1, 102, 'Escazú'),
(3, 1, 103, 'Desamparados'),
(4, 1, 104, 'Puriscal'),
(5, 1, 105, 'Tarrazu'),
(6, 1, 106, 'Aserrí'),
(7, 1, 107, 'Mora'),
(8, 1, 108, 'Goicoechea'),
(9, 1, 109, 'Santa Ana'),
(10, 1, 110, 'Alajuelita'),
(11, 1, 111, 'Vazquez de Coronado'),
(12, 1, 112, 'Acosta'),
(13, 1, 113, 'Tibás'),
(14, 1, 114, 'Moravia'),
(15, 1, 115, 'Montes de Oca'),
(16, 1, 116, 'Turrubares'),
(17, 1, 117, 'Dota'),
(18, 1, 118, 'Curridabat'),
(19, 1, 119, 'Pérez Zeledón'),
(20, 1, 120, 'León Cortes'),
(21, 2, 201, 'Alajuela'),
(22, 2, 202, 'San Ramon'),
(23, 2, 203, 'Grecia'),
(24, 2, 204, 'San Mateo'),
(25, 2, 205, 'Atenas'),
(26, 2, 206, 'Naranjo'),
(27, 2, 207, 'Palmares'),
(28, 2, 208, 'Poás'),
(29, 2, 209, 'Orotina'),
(30, 2, 210, 'San Carlos'),
(31, 2, 211, 'Alfaro Ruiz'),
(32, 2, 212, 'Valverde Vega'),
(33, 2, 213, 'Upala'),
(34, 2, 214, 'Los Chiles'),
(35, 2, 215, 'Guatuso'),
(36, 3, 301, 'Cartago'),
(37, 3, 302, 'Paraíso'),
(38, 3, 303, 'La Unión'),
(39, 3, 304, 'Jiménez'),
(40, 3, 305, 'Turrialba'),
(41, 3, 306, 'Alvarado'),
(42, 3, 307, 'Oreamuno'),
(43, 3, 308, 'El Guarco'),
(44, 4, 401, 'Heredia'),
(45, 4, 402, 'Barva'),
(46, 4, 403, 'Santo Domingo'),
(47, 4, 404, 'Santa Bárbara'),
(48, 4, 405, 'San Rafael'),
(49, 4, 406, 'San Isidro'),
(50, 4, 407, 'Belén'),
(51, 4, 408, 'San Joaquín de Flores'),
(52, 4, 409, 'San Pablo'),
(53, 4, 410, 'Sarapiquí'),
(54, 5, 501, 'Liberia'),
(55, 5, 502, 'Nicoya'),
(56, 5, 503, 'Santa Cruz'),
(57, 5, 504, 'Bagaces'),
(58, 5, 505, 'Carrillo'),
(59, 5, 506, 'Cañas'),
(60, 5, 507, 'Abangares'),
(61, 5, 508, 'Tilarán'),
(62, 5, 509, 'Nandayure'),
(63, 5, 510, 'La Cruz'),
(64, 5, 511, 'Hojancha'),
(65, 6, 601, 'Puntarenas'),
(66, 6, 602, 'Esparza'),
(67, 6, 603, 'Buenos Aires'),
(68, 6, 604, 'Montes de Oro'),
(69, 6, 605, 'Osa'),
(70, 6, 606, 'Aguirre'),
(71, 6, 607, 'Golfito'),
(72, 6, 608, 'Coto Brus'),
(73, 6, 609, 'Parrita'),
(74, 6, 610, 'Corredores'),
(75, 6, 611, 'Garabito'),
(76, 7, 701, 'Limón'),
(77, 7, 702, 'Pococí'),
(78, 7, 703, 'Siquirres'),
(79, 7, 704, 'Talamanca'),
(80, 7, 705, 'Matina'),
(81, 7, 706, 'Guácimo');

-- --------------------------------------------------------

--
-- Estructura de tabla para la tabla `llx_correos_cr_distrito`
--

DROP TABLE IF EXISTS `llx_correos_cr_distrito`;
CREATE TABLE IF NOT EXISTS `llx_correos_cr_distrito` (
  `rowid` int(11) NOT NULL AUTO_INCREMENT,
  `id_provincia` int(11) NOT NULL,
  `id_canton` int(11) NOT NULL,
  `id_distrito` int(11) NOT NULL,
  `nombre` varchar(50) COLLATE utf8_spanish_ci NOT NULL,
  PRIMARY KEY (`rowid`)
) ENGINE=MyISAM AUTO_INCREMENT=471 DEFAULT CHARSET=utf8 COLLATE=utf8_spanish_ci;

--
-- Volcado de datos para la tabla `llx_correos_cr_distrito`
--

INSERT INTO `llx_correos_cr_distrito` (`rowid`, `id_provincia`, `id_canton`, `id_distrito`, `nombre`) VALUES
(1, 1, 101, 10101, 'Carmen'),
(2, 1, 101, 10102, 'Merced'),
(3, 1, 101, 10103, 'Hospital'),
(4, 1, 101, 10104, 'Catedral'),
(5, 1, 101, 10105, 'Zapote'),
(6, 1, 101, 10106, 'San Francisco de Dos Ríos'),
(7, 1, 101, 10107, 'Uruca'),
(8, 1, 101, 10108, 'Mata Redonda'),
(9, 1, 101, 10109, 'Pavas'),
(10, 1, 101, 10110, 'Hatillo'),
(11, 1, 101, 10111, 'San Sebastián'),
(12, 1, 102, 10201, 'Escazú'),
(13, 1, 102, 10202, 'San Antonio'),
(14, 1, 102, 10203, 'San Rafael'),
(15, 1, 103, 10301, 'Desamparados'),
(16, 1, 103, 10302, 'San Miguel'),
(17, 1, 103, 10303, 'San Juan de Dios'),
(18, 1, 103, 10304, 'San Rafael Arriba'),
(19, 1, 103, 10305, 'San Antonio'),
(20, 1, 103, 10306, 'Frailes'),
(21, 1, 103, 10307, 'Patarra'),
(22, 1, 103, 10308, 'San Cristobal'),
(23, 1, 103, 10309, 'Rosario'),
(24, 1, 103, 10310, 'Damas'),
(25, 1, 103, 10311, 'San Rafael Abajo'),
(26, 1, 103, 10312, 'Gravilias'),
(27, 1, 103, 10313, 'Los Guido'),
(28, 1, 104, 10401, 'Santiago'),
(29, 1, 104, 10402, 'Mercedes Sur'),
(30, 1, 104, 10403, 'Barbacoas'),
(31, 1, 104, 10404, 'Grifo Alto'),
(32, 1, 104, 10405, 'San Rafael'),
(33, 1, 104, 10406, 'Candelaria'),
(34, 1, 104, 10407, 'Desamparaditos'),
(35, 1, 104, 10408, 'San Antonio'),
(36, 1, 104, 10409, 'Chires'),
(37, 1, 105, 10501, 'San Marcos'),
(38, 1, 105, 10502, 'San Lorenzo'),
(39, 1, 105, 10503, 'San Carlos'),
(40, 1, 106, 10601, 'Aserrí'),
(41, 1, 106, 10602, 'Tarbaca'),
(42, 1, 106, 10603, 'Vuelta de Jorco'),
(43, 1, 106, 10604, 'San Gabriel'),
(44, 1, 106, 10605, 'Legua'),
(45, 1, 106, 10606, 'Monterrey'),
(46, 1, 106, 10607, 'Salitrillos'),
(47, 1, 107, 10701, 'Colón'),
(48, 1, 107, 10702, 'Guayabo'),
(49, 1, 107, 10703, 'Tabarcia'),
(50, 1, 107, 10704, 'Piedras Negras'),
(51, 1, 107, 10705, 'Picagres'),
(52, 1, 108, 10801, 'Guadalupe'),
(53, 1, 108, 10802, 'San Francisco'),
(54, 1, 108, 10803, 'Calle Blancos'),
(55, 1, 108, 10804, 'Mata de Plátano'),
(56, 1, 108, 10805, 'Ipís'),
(57, 1, 108, 10806, 'Rancho Redondo'),
(58, 1, 108, 10807, 'Purral'),
(59, 1, 109, 10901, 'Santa Ana'),
(60, 1, 109, 10902, 'Salitral'),
(61, 1, 109, 10903, 'Pozos'),
(62, 1, 109, 10904, 'Uruca'),
(63, 1, 109, 10905, 'Piedades'),
(64, 1, 109, 10906, 'Brasil'),
(65, 1, 110, 11001, 'Alajuelita'),
(66, 1, 110, 11002, 'San Josecito'),
(67, 1, 110, 11003, 'San Antonio'),
(68, 1, 110, 11004, 'Concepción'),
(69, 1, 110, 11005, 'San Felipe'),
(70, 1, 111, 11101, 'San Isidro'),
(71, 1, 111, 11102, 'San Rafael'),
(72, 1, 111, 11103, 'Dulce Nombre de Jesús'),
(73, 1, 111, 11104, 'Patalillo'),
(74, 1, 111, 11105, 'Cascajal'),
(75, 1, 112, 11201, 'San Ignacio de Acosta'),
(76, 1, 112, 11202, 'Guaitil'),
(77, 1, 112, 11203, 'Palmichal'),
(78, 1, 112, 11204, 'Cangrejal'),
(79, 1, 112, 11205, 'Sabanillas'),
(80, 1, 113, 11301, 'San Juan'),
(81, 1, 113, 11302, 'Cinco esquinas'),
(82, 1, 113, 11303, 'Anselmo Llorente'),
(83, 1, 113, 11304, 'Leon XIII'),
(84, 1, 113, 11305, 'Colima'),
(85, 1, 114, 11401, 'San Vicente'),
(86, 1, 114, 11402, 'San Jerónimo'),
(87, 1, 114, 11403, 'Trinidad'),
(88, 1, 115, 11501, 'San Pedro'),
(89, 1, 115, 11502, 'Sabanilla'),
(90, 1, 115, 11503, 'Mercedes'),
(91, 1, 115, 11504, 'San Rafael'),
(92, 1, 116, 11601, 'San Pablo'),
(93, 1, 116, 11602, 'San Pedro'),
(94, 1, 116, 11603, 'San Juan de Mata'),
(95, 1, 116, 11604, 'San Luis'),
(96, 1, 116, 11605, 'Carara'),
(97, 1, 117, 11701, 'Santa María'),
(98, 1, 117, 11702, 'Jardín'),
(99, 1, 117, 11703, 'Copey'),
(100, 1, 118, 11801, 'Curridabat'),
(101, 1, 118, 11802, 'Granadilla'),
(102, 1, 118, 11803, 'Sánchez'),
(103, 1, 118, 11804, 'Tirrases'),
(104, 1, 119, 11901, 'San Isidro del General'),
(105, 1, 119, 11902, 'General'),
(106, 1, 119, 11903, 'Daniel Flores'),
(107, 1, 119, 11904, 'Rivas'),
(108, 1, 119, 11905, 'San Pedro'),
(109, 1, 119, 11906, 'Platanares'),
(110, 1, 119, 11907, 'Pejibaye'),
(111, 1, 119, 11908, 'Cajón'),
(112, 1, 119, 11909, 'Barú'),
(113, 1, 119, 11910, 'Río Nuevo'),
(114, 1, 119, 11911, 'Páramo'),
(115, 1, 120, 12001, 'San Pablo'),
(116, 1, 120, 12002, 'San Andrés'),
(117, 1, 120, 12003, 'Llano Bonito'),
(118, 1, 120, 12004, 'San Isidro'),
(119, 1, 120, 12005, 'Santa Cruz'),
(120, 1, 120, 12006, 'San Antonio'),
(121, 2, 201, 20101, 'Alajuela'),
(122, 2, 201, 20102, 'San José'),
(123, 2, 201, 20103, 'Carrizal'),
(124, 2, 201, 20104, 'San Antonio'),
(125, 2, 201, 20105, 'Guácima'),
(126, 2, 201, 20106, 'San Isidro'),
(127, 2, 201, 20107, 'Sabanilla'),
(128, 2, 201, 20108, 'San Rafael'),
(129, 2, 201, 20109, 'Río Segundo'),
(130, 2, 201, 20110, 'Desamparados'),
(131, 2, 201, 20111, 'Turrúcares'),
(132, 2, 201, 20112, 'Tambor'),
(133, 2, 201, 20113, 'Garita'),
(134, 2, 201, 20114, 'Sarapiquí'),
(135, 2, 202, 20201, 'San Ramón'),
(136, 2, 202, 20202, 'Santiago'),
(137, 2, 202, 20203, 'San Juan'),
(138, 2, 202, 20204, 'Piedades Norte'),
(139, 2, 202, 20205, 'Piedades Sur'),
(140, 2, 202, 20206, 'San Rafael'),
(141, 2, 202, 20207, 'San Isidro'),
(142, 2, 202, 20208, 'Ángeles'),
(143, 2, 202, 20209, 'Alfaro'),
(144, 2, 202, 20210, 'Volio'),
(145, 2, 202, 20211, 'Concepción'),
(146, 2, 202, 20212, 'Zapotal'),
(147, 2, 202, 20213, 'Peñas Blancas'),
(148, 2, 203, 20301, 'Grecia'),
(149, 2, 203, 20302, 'San Isidro'),
(150, 2, 203, 20303, 'San Jose'),
(151, 2, 203, 20304, 'San Roque'),
(152, 2, 203, 20305, 'Tacares'),
(153, 2, 203, 20306, 'Río Cuarto'),
(154, 2, 203, 20307, 'Puente de Piedra'),
(155, 2, 203, 20308, 'Bolivar'),
(156, 2, 204, 20401, 'San Mateo'),
(157, 2, 204, 20402, 'Desmonte'),
(158, 2, 204, 20403, 'Jesús María'),
(159, 2, 205, 20501, 'Atenas'),
(160, 2, 205, 20502, 'Jesús'),
(161, 2, 205, 20503, 'Mercedes'),
(162, 2, 205, 20504, 'San Isidro'),
(163, 2, 205, 20505, 'Concepción'),
(164, 2, 205, 20506, 'San José'),
(165, 2, 205, 20507, 'Santa Eulalia'),
(166, 2, 205, 20508, 'Escobal'),
(167, 2, 206, 20601, 'Naranjo'),
(168, 2, 206, 20602, 'San Miguel'),
(169, 2, 206, 20603, 'San José'),
(170, 2, 206, 20604, 'Cirrí Sur'),
(171, 2, 206, 20605, 'San Jerónimo'),
(172, 2, 206, 20606, 'San Juan'),
(173, 2, 206, 20607, 'Rosario'),
(174, 2, 207, 20701, 'Palmares'),
(175, 2, 207, 20702, 'Zaragoza'),
(176, 2, 207, 20703, 'Buenos Aires'),
(177, 2, 207, 20704, 'Santiago'),
(178, 2, 207, 20705, 'Candelaria'),
(179, 2, 207, 20706, 'Esquipulas'),
(180, 2, 207, 20707, 'Granja'),
(181, 2, 208, 20801, 'San Pedro'),
(182, 2, 208, 20802, 'San Juan'),
(183, 2, 208, 20803, 'San Rafael'),
(184, 2, 208, 20804, 'Carrillos'),
(185, 2, 208, 20805, 'Sabana Redonda'),
(186, 2, 209, 20901, 'Orotina'),
(187, 2, 209, 20902, 'Mastate'),
(188, 2, 209, 20903, 'Hacienda Vieja'),
(189, 2, 209, 20904, 'Coyolar'),
(190, 2, 209, 20905, 'Ceiba'),
(191, 2, 210, 21001, 'Quesada'),
(192, 2, 210, 21002, 'Florencia'),
(193, 2, 210, 21003, 'Buenavista'),
(194, 2, 210, 21004, 'Aguas Zarcas'),
(195, 2, 210, 21005, 'Venecia'),
(196, 2, 210, 21006, 'Pital'),
(197, 2, 210, 21007, 'Fortuna'),
(198, 2, 210, 21008, 'Tigra'),
(199, 2, 210, 21009, 'Palmera'),
(200, 2, 210, 21010, 'Venado'),
(201, 2, 210, 21011, 'Cutris'),
(202, 2, 210, 21012, 'Monterrey'),
(203, 2, 210, 21013, 'Pocosol'),
(204, 2, 211, 21101, 'Zarcero'),
(205, 2, 211, 21102, 'Laguna'),
(206, 2, 211, 21103, 'Tapezco'),
(207, 2, 211, 21104, 'Guadalupe'),
(208, 2, 211, 21105, 'Palmira'),
(209, 2, 211, 21106, 'Zapote'),
(210, 2, 211, 21107, 'Brisas'),
(211, 2, 212, 21201, 'Sarchi Norte'),
(212, 2, 212, 21202, 'Sarchi Sur'),
(213, 2, 212, 21203, 'Toro Amarillo'),
(214, 2, 212, 21204, 'San Pedro'),
(215, 2, 212, 21205, 'Rodriguez'),
(216, 2, 213, 21301, 'Upala'),
(217, 2, 213, 21302, 'Aguas Claras'),
(218, 2, 213, 21303, 'San Jose (Pizote)'),
(219, 2, 213, 21304, 'Bijagua'),
(220, 2, 213, 21305, 'Delicias'),
(221, 2, 213, 21306, 'Dos Rios'),
(222, 2, 213, 21307, 'Yoliyllal'),
(223, 2, 214, 21401, 'Los Chiles'),
(224, 2, 214, 21402, 'Caño Negro'),
(225, 2, 214, 21403, 'El Amparo'),
(226, 2, 214, 21404, 'San Jorge'),
(227, 2, 215, 21501, 'San Rafael'),
(228, 2, 215, 21502, 'Buenavista'),
(229, 2, 215, 21503, 'Cote'),
(230, 3, 301, 30101, 'Oriental'),
(231, 3, 301, 30102, 'Occidental'),
(232, 3, 301, 30103, 'Carmen'),
(233, 3, 301, 30104, 'San Nicolas'),
(234, 3, 301, 30105, 'Aguacaliente (San Francisco)'),
(235, 3, 301, 30106, 'Guadalupe (Arenilla)'),
(236, 3, 301, 30107, 'Corralillo'),
(237, 3, 301, 30108, 'Tierra Blanca'),
(238, 3, 301, 30109, 'Dulce Nombre'),
(239, 3, 301, 30110, 'Llano Grande'),
(240, 3, 301, 30111, 'Quebradilla'),
(241, 3, 302, 30201, 'Paraiso'),
(242, 3, 302, 30202, 'Santiago'),
(243, 3, 302, 30203, 'Orosi'),
(244, 3, 302, 30204, 'Cachi'),
(245, 3, 302, 30205, 'Llanos de Santa Lucia'),
(246, 3, 303, 30301, 'Tres Rios'),
(247, 3, 303, 30302, 'San Diego'),
(248, 3, 303, 30303, 'San Juan'),
(249, 3, 303, 30304, 'San Rafael'),
(250, 3, 303, 30305, 'Concepcion'),
(251, 3, 303, 30306, 'Dulce Nombre'),
(252, 3, 303, 30307, 'San Ramon'),
(253, 3, 303, 30308, 'Rio Azul'),
(254, 3, 304, 30401, 'Juan Viñas'),
(255, 3, 304, 30402, 'Tucurrique'),
(256, 3, 304, 30403, 'Pejibaye'),
(257, 3, 305, 30501, 'Turrialba'),
(258, 3, 305, 30502, 'La Suiza'),
(259, 3, 305, 30503, 'Peralta'),
(260, 3, 305, 30504, 'Santa Cruz'),
(261, 3, 305, 30505, 'Santa Teresita'),
(262, 3, 305, 30506, 'Pavones'),
(263, 3, 305, 30507, 'Tuis'),
(264, 3, 305, 30508, 'Tayutic'),
(265, 3, 305, 30509, 'Santa Rosa'),
(266, 3, 305, 30510, 'Tres Equis'),
(267, 3, 305, 30511, 'La Isabel'),
(268, 3, 305, 30512, 'Chirripo'),
(269, 3, 306, 30601, 'Pacayas'),
(270, 3, 306, 30602, 'Cervantes'),
(271, 3, 306, 30603, 'Capellades'),
(272, 3, 307, 30701, 'San Rafael'),
(273, 3, 307, 30702, 'Cote'),
(274, 3, 307, 30703, 'Potrero Cerrado'),
(275, 3, 307, 30704, 'Cipreses'),
(276, 3, 307, 30705, 'Santa Rosa'),
(277, 3, 308, 30801, 'Tejar'),
(278, 3, 308, 30802, 'San Isidro'),
(279, 3, 308, 30803, 'Tobosi'),
(280, 3, 308, 30804, 'Patio de Agua'),
(281, 4, 401, 40101, 'Heredia'),
(282, 4, 401, 40102, 'Mercedes'),
(283, 4, 401, 40103, 'San Francisco'),
(284, 4, 401, 40104, 'Ulloa'),
(285, 4, 401, 40105, 'Varablanca'),
(286, 4, 402, 40201, 'Barva'),
(287, 4, 402, 40202, 'San Pedro'),
(288, 4, 402, 40203, 'San Pablo'),
(289, 4, 402, 40204, 'San Roque'),
(290, 4, 402, 40205, 'Santa Lucia'),
(291, 4, 402, 40206, 'San Jose de la Montaña'),
(292, 4, 403, 40301, 'Santo Domingo'),
(293, 4, 403, 40302, 'San Vicente'),
(294, 4, 403, 40303, 'San Miguel'),
(295, 4, 403, 40304, 'Paracito'),
(296, 4, 403, 40305, 'Santo Tomas'),
(297, 4, 403, 40306, 'Santa Rosa'),
(298, 4, 403, 40307, 'Tures'),
(299, 4, 403, 40308, 'Para'),
(300, 4, 404, 40401, 'Santa Barbara'),
(301, 4, 404, 40402, 'San Pedro'),
(302, 4, 404, 40403, 'San Juan'),
(303, 4, 404, 40404, 'Jesus'),
(304, 4, 404, 40405, 'Santo Domingo'),
(305, 4, 404, 40406, 'Puraba'),
(306, 4, 405, 40501, 'San Rafael'),
(307, 4, 405, 40502, 'San Josecito'),
(308, 4, 405, 40503, 'Santiago'),
(309, 4, 405, 40504, 'angeles'),
(310, 4, 405, 40505, 'Concepcion'),
(311, 4, 406, 40601, 'San Isidro'),
(312, 4, 406, 40602, 'San José'),
(313, 4, 406, 40603, 'Concepcion'),
(314, 4, 406, 40604, 'San Francisco'),
(315, 4, 407, 40701, 'San Antonio'),
(316, 4, 407, 40702, 'Ribera'),
(317, 4, 407, 40703, 'Asuncion'),
(318, 4, 408, 40801, 'San Joaquin de Flores'),
(319, 4, 408, 40802, 'Barrantes'),
(320, 4, 408, 40803, 'Llorente'),
(321, 4, 409, 40901, 'San Pablo'),
(322, 4, 410, 41001, 'Puerto Viejo'),
(323, 4, 410, 41002, 'La Virgen'),
(324, 4, 410, 41003, 'Horquetas'),
(325, 4, 410, 41004, 'Llanuras del Gaspar'),
(326, 4, 410, 41005, 'Cureña'),
(327, 5, 501, 50101, 'Liberia'),
(328, 5, 501, 50102, 'Cañas Dulces'),
(329, 5, 501, 50103, 'Mayorga'),
(330, 5, 501, 50104, 'Nacascolo'),
(331, 5, 501, 50105, 'Curubande'),
(332, 5, 502, 50201, 'Nicoya'),
(333, 5, 502, 50202, 'Mansion'),
(334, 5, 502, 50203, 'San Antonio'),
(335, 5, 502, 50204, 'Quebrada Honda'),
(336, 5, 502, 50205, 'Samara'),
(337, 5, 502, 50206, 'Nosara'),
(338, 5, 502, 50207, 'Belen de Nosarita'),
(339, 5, 503, 50301, 'Santa Cruz'),
(340, 5, 503, 50302, 'Bolson'),
(341, 5, 503, 50303, 'Veintisiete de Abril'),
(342, 5, 503, 50304, 'Tempate'),
(343, 5, 503, 50305, 'Cartagena'),
(344, 5, 503, 50306, 'Cuajiniquil'),
(345, 5, 503, 50307, 'Diria'),
(346, 5, 503, 50308, 'Cabo Velas'),
(347, 5, 503, 50309, 'Tamarindo'),
(348, 5, 504, 50401, 'Bagaces'),
(349, 5, 504, 50402, 'Fortuna'),
(350, 5, 504, 50403, 'Mogote'),
(351, 5, 504, 50404, 'Rio Naranjo'),
(352, 5, 505, 50501, 'Filadelfia'),
(353, 5, 505, 50502, 'Palmira'),
(354, 5, 505, 50503, 'Sardinal'),
(355, 5, 505, 50504, 'Belen'),
(356, 5, 506, 50601, 'Cañas'),
(357, 5, 506, 50602, 'Palmira'),
(358, 5, 506, 50603, 'San Miguel'),
(359, 5, 506, 50604, 'Bebedero'),
(360, 5, 506, 50605, 'Porozal'),
(361, 5, 507, 50701, 'Juntas'),
(362, 5, 507, 50702, 'Sierra'),
(363, 5, 507, 50703, 'San Juan'),
(364, 5, 507, 50704, 'Colorado'),
(365, 5, 508, 50801, 'Tilaran'),
(366, 5, 508, 50802, 'Quebrada Grande'),
(367, 5, 508, 50803, 'Tronadora'),
(368, 5, 508, 50804, 'Santa Rosa'),
(369, 5, 508, 50805, 'Libano'),
(370, 5, 508, 50806, 'Tierras Morenas'),
(371, 5, 508, 50807, 'Arenal'),
(372, 5, 509, 50901, 'Carmona'),
(373, 5, 509, 50902, 'Santa Rita'),
(374, 5, 509, 50903, 'Zapotal'),
(375, 5, 509, 50904, 'San Pablo'),
(376, 5, 509, 50905, 'Porvenir'),
(377, 5, 509, 50906, 'Bejuco'),
(378, 5, 510, 51001, 'La Cruz'),
(379, 5, 510, 51002, 'Santa Cecilia'),
(380, 5, 510, 51003, 'Garita'),
(381, 5, 510, 51004, 'Santa Elena'),
(382, 5, 511, 51101, 'Hojancha'),
(383, 5, 511, 51102, 'Monte Romo'),
(384, 5, 511, 51103, 'Puerto Carrillo'),
(385, 5, 511, 51104, 'Huacas'),
(386, 6, 601, 60101, 'Puntarenas'),
(387, 6, 601, 60102, 'Pitahaya'),
(388, 6, 601, 60103, 'Chomes'),
(389, 6, 601, 60104, 'Lepanto'),
(390, 6, 601, 60105, 'Paquera'),
(391, 6, 601, 60106, 'Manzanillo'),
(392, 6, 601, 60107, 'Guacimal'),
(393, 6, 601, 60108, 'Barranca'),
(394, 6, 601, 60109, 'Monte Verde'),
(395, 6, 601, 60110, 'Isla del Coco'),
(396, 6, 601, 60111, 'Cobano'),
(397, 6, 601, 60112, 'Chacarita'),
(398, 6, 601, 60113, 'Chira'),
(399, 6, 601, 60114, 'Acapulco'),
(400, 6, 601, 60115, 'El Roble'),
(401, 6, 601, 60116, 'Arancibia'),
(402, 6, 602, 60201, 'Espiritu Santo'),
(403, 6, 602, 60202, 'San Juan Grande'),
(404, 6, 602, 60203, 'Macacona'),
(405, 6, 602, 60204, 'San Rafael'),
(406, 6, 602, 60205, 'San Jeronimo'),
(407, 6, 603, 60301, 'Buenos Aires'),
(408, 6, 603, 60302, 'Volcan'),
(409, 6, 603, 60303, 'Potrero Grande'),
(410, 6, 603, 60304, 'Boruca'),
(411, 6, 603, 60305, 'Pilas'),
(412, 6, 603, 60306, 'Colinas'),
(413, 6, 603, 60307, 'Changena'),
(414, 6, 603, 60308, 'Briolley'),
(415, 6, 603, 60309, 'Brunka'),
(416, 6, 604, 60401, 'Miramar'),
(417, 6, 604, 60402, 'Union'),
(418, 6, 604, 60403, 'San Isidro'),
(419, 6, 605, 60501, 'Puerto Cortes'),
(420, 6, 605, 60502, 'Palmar'),
(421, 6, 605, 60503, 'Sierpe'),
(422, 6, 605, 60504, 'Bahia Ballena'),
(423, 6, 605, 60505, 'Piedras Blancas'),
(424, 6, 606, 60601, 'Quepos'),
(425, 6, 606, 60602, 'Savegre'),
(426, 6, 606, 60603, 'Naranjito'),
(427, 6, 607, 60701, 'Golfito'),
(428, 6, 607, 60702, 'Puerto Jimenez'),
(429, 6, 607, 60703, 'Guaycara'),
(430, 6, 607, 60704, 'Pavon'),
(431, 6, 608, 60801, 'San Vito'),
(432, 6, 608, 60802, 'Sabalito'),
(433, 6, 608, 60803, 'Aguabuena'),
(434, 6, 608, 60804, 'Limoncito'),
(435, 6, 608, 60805, 'Pittier'),
(436, 6, 609, 60901, 'Parrita'),
(437, 6, 610, 61001, 'Corredor'),
(438, 6, 610, 61002, 'La Cuesta'),
(439, 6, 610, 61003, 'Canoas'),
(440, 6, 610, 61004, 'Laurel'),
(441, 6, 611, 61101, 'Jaco'),
(442, 6, 611, 61102, 'Tarcoles'),
(443, 7, 701, 70101, 'Limon'),
(444, 7, 701, 70102, 'Valle La Estrella'),
(445, 7, 701, 70103, 'Rio Blanco'),
(446, 7, 701, 70104, 'Matama'),
(447, 7, 702, 70201, 'Guapiles'),
(448, 7, 702, 70202, 'Jimenez'),
(449, 7, 702, 70203, 'Rita'),
(450, 7, 702, 70204, 'Roxana'),
(451, 7, 702, 70205, 'Cariari'),
(452, 7, 702, 70206, 'Colorado'),
(453, 7, 703, 70301, 'Siquirres'),
(454, 7, 703, 70302, 'Pacuarito'),
(455, 7, 703, 70303, 'Florida'),
(456, 7, 703, 70304, 'Germania'),
(457, 7, 703, 70305, 'Cairo'),
(458, 7, 703, 70306, 'Alegria'),
(459, 7, 704, 70401, 'Bratsi'),
(460, 7, 704, 70402, 'Sixaola'),
(461, 7, 704, 70403, 'Cahuita'),
(462, 7, 704, 70404, 'Telire'),
(463, 7, 705, 70501, 'Matina'),
(464, 7, 705, 70502, 'Battan'),
(465, 7, 705, 70503, 'Carrandi'),
(466, 7, 706, 70601, 'Guacimo'),
(467, 7, 706, 70602, 'Mercedes'),
(468, 7, 706, 70603, 'Pocora'),
(469, 7, 706, 70604, 'Rio Jimenez'),
(470, 7, 706, 70605, 'Duacari');

-- --------------------------------------------------------

--
-- Estructura de tabla para la tabla `llx_correos_cr_provincia`
--

DROP TABLE IF EXISTS `llx_correos_cr_provincia`;
CREATE TABLE IF NOT EXISTS `llx_correos_cr_provincia` (
  `rowid` int(11) NOT NULL AUTO_INCREMENT,
  `id_provincia` int(11) NOT NULL,
  `nombre` varchar(50) COLLATE utf8_spanish_ci NOT NULL,
  PRIMARY KEY (`rowid`)
) ENGINE=MyISAM AUTO_INCREMENT=8 DEFAULT CHARSET=utf8 COLLATE=utf8_spanish_ci;

--
-- Volcado de datos para la tabla `llx_correos_cr_provincia`
--

INSERT INTO `llx_correos_cr_provincia` (`rowid`, `id_provincia`, `nombre`) VALUES
(1, 1, 'San José'),
(2, 2, 'Alajuela'),
(3, 3, 'Cartago'),
(4, 4, 'Heredia'),
(5, 5, 'Guanacaste'),
(6, 6, 'Puntarenas'),
(7, 7, 'Limón');
COMMIT;

/*!40101 SET CHARACTER_SET_CLIENT=@OLD_CHARACTER_SET_CLIENT */;
/*!40101 SET CHARACTER_SET_RESULTS=@OLD_CHARACTER_SET_RESULTS */;
/*!40101 SET COLLATION_CONNECTION=@OLD_COLLATION_CONNECTION */;
